Workbook

Sheet Sheet1
A1: month | B1: bank_name | C1: bank_amount | D1: bank_account_no | E1: bank_page | F1: pdf_date | J1: 差异
A2: 2025-11 | B2: 田文洁 | C2: 12926.38 | D2: 6222620110057853716 | E2: 1 | F2: 202511 | G2: =_xlfn.XLOOKUP(B2,[1]总表!$C:$C,[1]总表!$E:$E) -> 12926.38 | H2: =C2-G2 -> 0 | I2: 中国电信
A3: 2025-11 | B3: 张慧 | C3: 4768.7 | D3: 6228480038486983679 | E3: 1 | F3: 202511 | G3: =_xlfn.XLOOKUP(B3,[1]总表!$C:$C,[1]总表!$E:$E) -> 4768.7 | H3: =C3-G3 -> 0 | I3: 中国电信
A4: 2025-11 | B4: 季开梅 | C4: 22092.13 | D4: 6222020101125555596 | E4: 1 | F4: 202511 | G4: =_xlfn.XLOOKUP(B4,[1]总表!$C:$C,[1]总表!$E:$E) -> 22092.13 | H4: =C4-G4 -> 0 | I4: 中国电信
A5: 2025-11 | B5: 周振军 | C5: 19572.3 | D5: 6222620110078353423 | E5: 1 | F5: 202511 | G5: =_xlfn.XLOOKUP(B5,[1]总表!$C:$C,[1]总表!$E:$E) -> 19572.3 | H5: =C5-G5 -> 0 | I5: 中国电信
A6: 2025-11 | B6: 吴洁娴 | C6: 6073 | D6: 6221882900066459637 | E6: 1 | F6: 202511 | G6: =_xlfn.XLOOKUP(B6,[1]总表!$C:$C,[1]总表!$E:$E) -> 6073 | H6: =C6-G6 -> 0 | I6: 政企
A7: 2025-11 | B7: 钱玲琳 | C7: 6186.16 | D7: 6221502900003262326 | E7: 1 | F7: 202511 | G7: =_xlfn.XLOOKUP(B7,[1]总表!$C:$C,[1]总表!$E:$E) -> 6186.16 | H7: =C7-G7 -> 0 | I7: 政企
A8: 2025-11 | B8: 程艳菁 | C8: 8957.27 | D8: 6221502900017673880 | E8: 1 | F8: 202511 | G8: =_xlfn.XLOOKUP(B8,[1]总表!$C:$C,[1]总表!$E:$E) -> 8957.27 | H8: =C8-G8 -> 0 | I8: 政企
A9: 2025-11 | B9: 蒋丹琴 | C9: 7407.17 | D9: 6217992900045085268 | E9: 1 | F9: 202511 | G9: =_xlfn.XLOOKUP(B9,[1]总表!$C:$C,[1]总表!$E:$E) -> 7407.17 | H9: =C9-G9 -> 0 | I9: 政企
A10: 2025-11 | B10: 袁雪燕 | C10: 5707.05 | D10: 6221502900005923305 | E10: 1 | F10: 202511 | G10: =_xlfn.XLOOKUP(B10,[1]总表!$C:$C,[1]总表!$E:$E) -> 5707.05 | H10: =C10-G10 -> 0 | I10: 政企
A11: 2025-11 | B11: 王仲炎 | C11: 6556.99 | D11: 6221802900001336749 | E11: 1 | F11: 202511 | G11: =_xlfn.XLOOKUP(B11,[1]总表!$C:$C,[1]总表!$E:$E) -> 6556.99 | H11: =C11-G11 -> 0 | I11: 政企
A12: 2025-11 | B12: 张荣熙 | C12: 8405.25 | D12: 6217992900058063186 | E12: 1 | F12: 202511 | G12: =_xlfn.XLOOKUP(B12,[1]总表!$C:$C,[1]总表!$E:$E) -> 8405.25 | H12: =C12-G12 -> 0 | I12: 中国电信
A13: 2025-11 | B13: 康梅 | C13: 9879.36 | D13: 6217992900053274135 | E13: 1 | F13: 202511 | G13: =_xlfn.XLOOKUP(B13,[1]总表!$C:$C,[1]总表!$E:$E) -> 9879.36 | H13: =C13-G13 -> 0 | I13: 中国电信
... A39: 2025-11 | B39: 唐溏 | C39: 6662.15 | D39: 6221502900019186089 | E39: 1 | F39: 202511 | G39: =_xlfn.XLOOKUP(B39,[1]总表!$C:$C,[1]总表!$E:$E) -> 6662.15 | H39: =C39-G39 -> 0 | I39: 政企
A40: 2025-11 | B40: 陈辰 | C40: 3642.2 | D40: 6217231001007288940 | E40: 2 | F40: 202511 | G40: 3642.2 | H40: =C40-G40 -> 0 | I40: 中国电信
A41: 2025-11 | B41: 周贵阳 | C41: 2740 | D41: 6222030302001187143 | E41: 2 | F41: 202511 | G41: =_xlfn.XLOOKUP(B41,[1]总表!$C:$C,[1]总表!$E:$E) -> #N/A | H41: =C41-G41 -> #N/A | I41: =_xlfn.XLOOKUP(B41,[2]总表!$E:$E,[2]总表!$A:$A) -> #N/A
A42: 2025-11 | B42: 丁黎 | C42: 13722.08 | D42: 6212261001070460297 | E42: 2 | F42: 202511 | G42: =_xlfn.XLOOKUP(B42,[1]总表!$C:$C,[1]总表!$E:$E) -> 13722.08 | H42: =C42-G42 -> 0 | I42: 中国电信
A43: 2025-11 | B43: 王君 | C43: 10707.98 | D43: 620522001034822512 | E43: 2 | F43: 202511 | G43: =_xlfn.XLOOKUP(B43,[1]总表!$C:$C,[1]总表!$E:$E) -> 10707.98 | H43: =C43-G43 -> 0 | I43: 中国电信
A44: 2025-11 | B44: 陈永明 | C44: 17632.95 | D44: 6222600110032067253 | E44: 2 | F44: 202511 | G44: =_xlfn.XLOOKUP(B44,[1]总表!$C:$C,[1]总表!$E:$E) -> 17632.95 | H44: =C44-G44 -> 0 | I44: 中国电信
A45: 2025-11 | B45: 陈琳 | C45: 5119.76 | D45: 6217001210004063275 | E45: 2 | F45: 202511 | G45: =_xlfn.XLOOKUP(B45,[1]总表!$C:$C,[1]总表!$E:$E) -> 5119.76 | H45: =C45-G45 -> 0 | I45: 中国电信
A46: 2025-11 | B46: 路春春 | C46: 660 | D46: 6222620110077780477 | E46: 2 | F46: 202511 | G46: =_xlfn.XLOOKUP(B46,[1]总表!$C:$C,[1]总表!$E:$E) -> 660 | H46: =C46-G46 -> 0 | I46: 中国电信
A47: 2025-11 | B47: 范俊伟 | C47: 4354 | D47: 62170012100075739654 | E47: 2 | F47: 202511 | G47: =_xlfn.XLOOKUP(B47,[1]总表!$C:$C,[1]总表!$E:$E) -> 4354 | H47: =C47-G47 -> 0 | I47: 中国电信
A48: 2025-11 | B48: 赵懿 | C48: 3937.2 | D48: 6222031001007240463 | E48: 2 | F48: 202511 | G48: =_xlfn.XLOOKUP(B48,[1]总表!$C:$C,[1]总表!$E:$E) -> 3937.2 | H48: =C48-G48 -> 0 | I48: 中国电信
A49: 2025-11 | B49: 俞建强 | C49: 4702.3 | D49: 6212261001053808942 | E49: 2 | F49: 202511 | G49: =_xlfn.XLOOKUP(B49,[1]总表!$C:$C,[1]总表!$E:$E) -> 4702.3 | H49: =C49-G49 -> 0 | I49: 中国电信
A50: 2025-11 | B50: 侯俊轩 | C50: 72 | D50: 6217900800004173371 | E50: 2 | F50: 202511 | G50: =_xlfn.XLOOKUP(B50,[1]总表!$C:$C,[1]总表!$E:$E) -> 72 | H50: =C50-G50 -> 0 | I50: 中国电信
A51: 2025-11 | B51: 万杜娟 | C51: 6152.1 | D51: 6222021001119086749 | E51: 2 | F51: 202511 | G51: =_xlfn.XLOOKUP(B51,[1]总表!$C:$C,[1]总表!$E:$E) -> 6152.1 | H51: =C51-G51 -> 0 | I51: 中国电信
A52: 2025-11 | B52: 闻蕾 | C52: 13382.5 | D52: 6222031001025704987 | E52: 2 | F52: 202511 | G52: =_xlfn.XLOOKUP(B52,[1]总表!$C:$C,[1]总表!$E:$E) -> 13382.5 | H52: =C52-G52 -> 0 | I52: 中国电信
A53: 2025-11 | B53: 周莹 | C53: 7649.32 | D53: 6222031001055282748 | E53: 2 | F53: 202511 | G53: =_xlfn.XLOOKUP(B53,[1]总表!$C:$C,[1]总表!$E:$E) -> 7649.32 | H53: =C53-G53 -> 0 | I53: 中国电信
... A83: 2025-11 | B83: 朱琳 | C83: 8749.92 | D83: 6222620110027019836 | E83: 3 | F83: 202511 | G83: =_xlfn.XLOOKUP(B83,[1]总表!$C:$C,[1]总表!$E:$E) -> 8749.92 | H83: =C83-G83 -> 0 | I83: 中国电信
A84: 2025-11 | B84: 韩璐 | C84: 2740 | D84: 6212263500009893476 | E84: 3 | F84: 202511 | G84: =_xlfn.XLOOKUP(B84,[1]总表!$C:$C,[1]总表!$E:$E) -> #N/A | H84: =C84-G84 -> #N/A | I84: =_xlfn.XLOOKUP(B84,[2]总表!$E:$E,[2]总表!$A:$A) -> #N/A
A85: 2025-11 | B85: 何金成 | C85: 2740 | D85: 6212263500033128659 | E85: 3 | F85: 202511 | G85: =_xlfn.XLOOKUP(B85,[1]总表!$C:$C,[1]总表!$E:$E) -> #N/A | H85: =C85-G85 -> #N/A | I85: =_xlfn.XLOOKUP(B85,[2]总表!$E:$E,[2]总表!$A:$A) -> #N/A
A86: 2025-11 | B86: 杨洁 | C86: 14765.11 | D86: 6228480038117786277 | E86: 3 | F86: 202511 | G86: 14765.11 | H86: =C86-G86 -> 0 | I86: 中国电信
A87: 2025-11 | B87: 丁瑜静 | C87: 4275.86 | D87: 6227001216160404749 | E87: 3 | F87: 202511 | G87: =_xlfn.XLOOKUP(B87,[1]总表!$C:$C,[1]总表!$E:$E) -> 4275.86 | H87: =C87-G87 -> 0 | I87: 中国电信
A88: 2025-11 | B88: 赵丽 | C88: 15955.18 | D88: 620522001034994352 | E88: 3 | F88: 202511 | G88: =_xlfn.XLOOKUP(B88,[1]总表!$C:$C,[1]总表!$E:$E) -> 15955.18 | H88: =C88-G88 -> 0 | I88: 中国电信
A89: 2025-11 | B89: 季漪岚 | C89: 3744.66 | D89: 620522001021746161 | E89: 3 | F89: 202511 | G89: =_xlfn.XLOOKUP(B89,[1]总表!$C:$C,[1]总表!$E:$E) -> 3744.66 | H89: =C89-G89 -> 0 | I89: 中国电信
A90: 2025-11 | B90: 朱晶晶 | C90: 5572.4 | D90: 6221802900008286103 | E90: 3 | F90: 202511 | G90: =_xlfn.XLOOKUP(B90,[1]总表!$C:$C,[1]总表!$E:$E) -> 5572.4 | H90: =C90-G90 -> 0 | I90: 中国电信
A91: 2025-11 | B91: 施泽龙 | C91: 3520 | D91: 6222620110026472754 | E91: 3 | F91: 202511 | G91: =_xlfn.XLOOKUP(B91,[1]总表!$C:$C,[1]总表!$E:$E) -> 3520 | H91: =C91-G91 -> 0 | I91: 中国电信
A92: 2025-11 | B92: 谈颐添 | C92: 3744.66 | D92: 6217001180085864802 | E92: 3 | F92: 202511 | G92: =_xlfn.XLOOKUP(B92,[1]总表!$C:$C,[1]总表!$E:$E) -> 3744.66 | H92: =C92-G92 -> 0 | I92: 中国电信
A93: 2025-11 | B93: 李王飞 | C93: 19731.79 | D93: 6217992900039713396 | E93: 3 | F93: 202511 | G93: =_xlfn.XLOOKUP(B93,[1]总表!$C:$C,[1]总表!$E:$E) -> 19731.79 | H93: =C93-G93 -> 0 | I93: 中国电信
A94: 2025-11 | B94: 储佳璐 | C94: 3754.24 | D94: 6217920196930106 | E94: 3 | F94: 202511 | G94: =_xlfn.XLOOKUP(B94,[1]总表!$C:$C,[1]总表!$E:$E) -> 3754.24 | H94: =C94-G94 -> 0 | I94: 中国电信
A95: 2025-11 | B95: 方佳辉 | C95: 4144 | D95: 6217920194874140 | E95: 3 | F95: 202511 | G95: =_xlfn.XLOOKUP(B95,[1]总表!$C:$C,[1]总表!$E:$E) -> 4144 | H95: =C95-G95 -> 0 | I95: 中国电信
A96: 2025-11 | B96: 张钦 | C96: 11212.5 | D96: 620522005005522852 | E96: 3 | F96: 202511 | G96: =_xlfn.XLOOKUP(B96,[1]总表!$C:$C,[1]总表!$E:$E) -> 11212.5 | H96: =C96-G96 -> 0 | I96: 中国电信
A97: 2025-11 | B97: 陶薇宇 | C97: 3470 | D97: 6214671180009773283 | E97: 3 | F97: 202511 | G97: =_xlfn.XLOOKUP(B97,[1]总表!$C:$C,[1]总表!$E:$E) -> 3470 | H97: =C97-G97 -> 0 | I97: 中国电信
A98: 2025-11 | B98: 韩堇如 | C98: 3470 | D98: 6222620110073834203 | E98: 3 | F98: 202511 | G98: =_xlfn.XLOOKUP(B98,[1]总表!$C:$C,[1]总表!$E:$E) -> 3470 | H98: =C98-G98 -> 0 | I98: 中国电信
... A128: 2025-11 | B128: 钱运成 | C128: 4631.7 | D128: 6217920123180163 | E128: 4 | F128: 202511 | G128: =_xlfn.XLOOKUP(B128,[1]总表!$C:$C,[1]总表!$E:$E) -> 4631.7 | H128: =C128-G128 -> 0 | I128: 中国电信
A129: 2025-11 | B129: 金雄 | C129: 2740 | D129: 6217232703001978710 | E129: 4 | F129: 202511 | G129: =_xlfn.XLOOKUP(B129,[1]总表!$C:$C,[1]总表!$E:$E) -> #N/A | H129: =C129-G129 -> #N/A | I129: =_xlfn.XLOOKUP(B129,[2]总表!$E:$E,[2]总表!$A:$A) -> #N/A
A130: 2025-11 | B130: 赵婷婷 | C130: 2740 | D130: 6215582403001938059 | E130: 4 | F130: 202511 | G130: =_xlfn.XLOOKUP(B130,[1]总表!$C:$C,[1]总表!$E:$E) -> #N/A | H130: =C130-G130 -> #N/A | I130: =_xlfn.XLOOKUP(B130,[2]总表!$E:$E,[2]总表!$A:$A) -> #N/A
A131: 2025-11 | B131: 唐霞 | C131: 11763.78 | D131: 6217001210018111375 | E131: 4 | F131: 202511 | G131: =_xlfn.XLOOKUP(B131,[1]总表!$C:$C,[1]总表!$E:$E) -> 11763.78 | H131: =C131-G131 -> 0 | I131: 中国电信
A132: 2025-11 | B132: 蔡爽 | C132: 5596.26 | D132: 6217001210023555863 | E132: 4 | F132: 202511 | G132: =_xlfn.XLOOKUP(B132,[1]总表!$C:$C,[1]总表!$E:$E) -> 5596.26 | H132: =C132-G132 -> 0 | I132: 中国电信
A133: 2025-11 | B133: 陈尉 | C133: 5032.98 | D133: 6217001210041242593 | E133: 4 | F133: 202511 | G133: =_xlfn.XLOOKUP(B133,[1]总表!$C:$C,[1]总表!$E:$E) -> 5032.98 | H133: =C133-G133 -> 0 | I133: 中国电信
A134: 2025-11 | B134: 周琲 | C134: 9077.22 | D134: 6227001216110041468 | E134: 4 | F134: 202511 | G134: =_xlfn.XLOOKUP(B134,[1]总表!$C:$C,[1]总表!$E:$E) -> 9077.22 | H134: =C134-G134 -> 0 | I134: 中国电信
A135: 2025-11 | B135: 孙秋鹏 | C135: 12878.51 | D135: 6217001180047535201 | E135: 4 | F135: 202511 | G135: =_xlfn.XLOOKUP(B135,[1]总表!$C:$C,[1]总表!$E:$E) -> 12878.51 | H135: =C135-G135 -> 0 | I135: 中国电信
A136: 2025-11 | B136: 洪高 | C136: 9029.46 | D136: 6217001180061504653 | E136: 4 | F136: 202511 | G136: =_xlfn.XLOOKUP(B136,[1]总表!$C:$C,[1]总表!$E:$E) -> 9029.46 | H136: =C136-G136 -> 0 | I136: 中国电信
A137: 2025-11 | B137: 沈佳伟 | C137: 8472.38 | D137: 6217001180033127310 | E137: 4 | F137: 202511 | G137: =_xlfn.XLOOKUP(B137,[1]总表!$C:$C,[1]总表!$E:$E) -> 8472.38 | H137: =C137-G137 -> 0 | I137: 中国电信
A138: 2025-11 | B138: 周振祥 | C138: 4552.39 | D138: 6226620608523239 | E138: 4 | F138: 202511 | G138: =_xlfn.XLOOKUP(B138,[1]总表!$C:$C,[1]总表!$E:$E) -> 4552.39 | H138: =C138-G138 -> 0 | I138: 中国电信
A139: 2025-11 | B139: 张燕 | C139: 6599.15 | D139: 6222021001142799433 | E139: 4 | F139: 202511 | G139: =_xlfn.XLOOKUP(B139,[1]总表!$C:$C,[1]总表!$E:$E) -> 6599.15 | H139: =C139-G139 -> 0 | I139: 中国电信
A140: 2025-11 | B140: 张立骏 | C140: 11330.42 | D140: 6222021001114157883 | E140: 4 | F140: 202511 | G140: =_xlfn.XLOOKUP(B140,[1]总表!$C:$C,[1]总表!$E:$E) -> 11330.42 | H140: =C140-G140 -> 0 | I140: 中国电信
A141: 2025-11 | B141: 闫玲 | C141: 12154.82 | D141: 6228480038893780270 | E141: 4 | F141: 202511 | G141: =_xlfn.XLOOKUP(B141,[1]总表!$C:$C,[1]总表!$E:$E) -> 12154.82 | H141: =C141-G141 -> 0 | I141: 中国电信
A142: 2025-11 | B142: 陆斌 | C142: 13747.64 | D142: 6222001001127623438 | E142: 4 | F142: 202511 | G142: =_xlfn.XLOOKUP(B142,[1]总表!$C:$C,[1]总表!$E:$E) -> 13747.64 | H142: =C142-G142 -> 0 | I142: 中国电信
... A217: 2025-11 | B217: 汪思思 | C217: 8851.92 | D217: 6222081001027593411 | E217: 6 | F217: 202511 | G217: =_xlfn.XLOOKUP(B217,[1]总表!$C:$C,[1]总表!$E:$E) -> 8851.92 | H217: =C217-G217 -> 0 | I217: 中国电信
A218: 2025-11 | B218: 谢勇勇 | C218: 2740 | D218: 6228413040894224318 | E218: 6 | F218: 202511 | G218: =_xlfn.XLOOKUP(B218,[1]总表!$C:$C,[1]总表!$E:$E) -> #N/A | H218: =C218-G218 -> #N/A | I218: =_xlfn.XLOOKUP(B218,[2]总表!$E:$E,[2]总表!$A:$A) -> #N/A
A219: 2025-11 | B219: 朱杰 | C219: 10248.21 | D219: 6217710200756203 | E219: 6 | F219: 202511 | G219: 10248.21 | H219: =C219-G219 -> 0 | I219: 中国电信
A220: 2025-11 | B220: 曹国祯 | C220: 15792.87 | D220: 620522001010059642 | E220: 6 | F220: 202511 | G220: =_xlfn.XLOOKUP(B220,[1]总表!$C:$C,[1]总表!$E:$E) -> 15792.87 | H220: =C220-G220 -> 0 | I220: 中国电信
A221: 2025-11 | B221: 夏建树 | C221: 14049.39 | D221: 6212261001045683205 | E221: 6 | F221: 202511 | G221: =_xlfn.XLOOKUP(B221,[1]总表!$C:$C,[1]总表!$E:$E) -> 14049.39 | H221: =C221-G221 -> 0 | I221: 中国电信
A222: 2025-11 | B222: 范芳荣 | C222: 9938.74 | D222: 6222031001010237076 | E222: 6 | F222: 202511 | G222: =_xlfn.XLOOKUP(B222,[1]总表!$C:$C,[1]总表!$E:$E) -> 9938.74 | H222: =C222-G222 -> 0 | I222: 中国电信
A223: 2025-11 | B223: 时星宇 | C223: 4952 | D223: 6217992900045093908 | E223: 6 | F223: 202511 | G223: =_xlfn.XLOOKUP(B223,[1]总表!$C:$C,[1]总表!$E:$E) -> 4952 | H223: =C223-G223 -> 0 | I223: 中国电信
A224: 2025-11 | B224: 贺彦 | C224: 4767.3 | D224: 6226200202745502 | E224: 6 | F224: 202511 | G224: =_xlfn.XLOOKUP(B224,[1]总表!$C:$C,[1]总表!$E:$E) -> 4767.3 | H224: =C224-G224 -> 0 | I224: 中国电信
A225: 2025-11 | B225: 梁裔杰 | C225: 7792.34 | D225: 6226200201822120 | E225: 6 | F225: 202511 | G225: =_xlfn.XLOOKUP(B225,[1]总表!$C:$C,[1]总表!$E:$E) -> 7792.34 | H225: =C225-G225 -> 0 | I225: 中国电信
A226: 2025-11 | B226: 谢俊敏 | C226: 7286.2 | D226: 6216910215770691 | E226: 6 | F226: 202511 | G226: =_xlfn.XLOOKUP(B226,[1]总表!$C:$C,[1]总表!$E:$E) -> 7286.2 | H226: =C226-G226 -> 0 | I226: 中国电信
A227: 2025-11 | B227: 程祖云 | C227: 10540.17 | D227: 62169102130778147 | E227: 6 | F227: 202511 | G227: =_xlfn.XLOOKUP(B227,[1]总表!$C:$C,[1]总表!$E:$E) -> 10540.17 | H227: =C227-G227 -> 0 | I227: 中国电信
A228: 2025-11 | B228: 陈世碧 | C228: 12623.97 | D228: 6226200204272034 | E228: 6 | F228: 202511 | G228: =_xlfn.XLOOKUP(B228,[1]总表!$C:$C,[1]总表!$E:$E) -> 12623.97 | H228: =C228-G228 -> 0 | I228: 中国电信
A229: 2025-11 | B229: 张建勇 | C229: 7985.66 | D229: 620522001034301293 | E229: 6 | F229: 202511 | G229: =_xlfn.XLOOKUP(B229,[1]总表!$C:$C,[1]总表!$E:$E) -> 7985.66 | H229: =C229-G229 -> 0 | I229: 中国电信
A230: 2025-11 | B230: 刘欢 | C230: 3520 | D230: 6217992900018422043 | E230: 6 | F230: 202511 | G230: =_xlfn.XLOOKUP(B230,[1]总表!$C:$C,[1]总表!$E:$E) -> 3520 | H230: =C230-G230 -> 0 | I230: 中国电信
A231: 2025-11 | B231: 冯嘉杰 | C231: 8267.89 | D231: 6217680208782768 | E231: 6 | F231: 202511 | G231: =_xlfn.XLOOKUP(B231,[1]总表!$C:$C,[1]总表!$E:$E) -> 8267.89 | H231: =C231-G231 -> 0 | I231: 中国电信
... A364: 2025-11 | B364: 刘双双 | C364: 9342.24 | D364: 6227001218530326412 | E364: 8 | F364: 202511 | G364: =_xlfn.XLOOKUP(B364,[1]总表!$C:$C,[1]总表!$E:$E) -> 9342.24 | H364: =C364-G364 -> 0 | I364: 中国电信
A365: 2025-11 | B365: 宋莉莉 | C365: 22413.81 | D365: 6217920163505089 | E365: 9 | F365: 202511 | G365: 22413.81 | H365: =C365-G365 -> 0 | I365: 中国电信
A366: 2025-11 | B366: 朱春晖 | C366: 2192 | D366: 6212261001048722901 | E366: 9 | F366: 202511 | G366: =_xlfn.XLOOKUP(B366,[1]总表!$C:$C,[1]总表!$E:$E) -> 2192 | H366: =C366-G366 -> 0 | I366: 中国电信
A367: 2025-11 | B367: 丁金兰 | C367: 21548.64 | D367: 9558801001179596520 | E367: 9 | F367: 202511 | G367: =_xlfn.XLOOKUP(B367,[1]总表!$C:$C,[1]总表!$E:$E) -> 21548.64 | H367: =C367-G367 -> 0 | I367: 中国电信
A368: 2025-11 | B368: 李婷 | C368: 19914.48 | D368: 622031001007847366 | E368: 9 | F368: 202511 | G368: =_xlfn.XLOOKUP(B368,[1]总表!$C:$C,[1]总表!$E:$E) -> 19914.48 | H368: =C368-G368 -> 0 | I368: 中国电信
A369: 2025-11 | B369: 陈辰 | C369: 20073.22 | D369: 9558821001001283293 | E369: 9 | F369: 202511 | G369: =_xlfn.XLOOKUP(B369,[1]总表!$C:$C,[1]总表!$E:$E) -> 20073.22 | H369: =C369-G369 -> 0 | I369: 中国电信
A370: 2025-11 | B370: 陈瑜 | C370: 14792.51 | D370: 6217231001004528223 | E370: 9 | F370: 202511 | G370: =_xlfn.XLOOKUP(B370,[1]总表!$C:$C,[1]总表!$E:$E) -> 14792.51 | H370: =C370-G370 -> 0 | I370: 中国电信
A371: 2025-11 | B371: 王凤凌 | C371: 5037.4 | D371: 6217001210077454146 | E371: 9 | F371: 202511 | G371: =_xlfn.XLOOKUP(B371,[1]总表!$C:$C,[1]总表!$E:$E) -> 5037.4 | H371: =C371-G371 -> 0 | I371: 中国电信
A372: 2025-11 | B372: 王一峰 | C372: 12988.61 | D372: 6217001210016081034 | E372: 9 | F372: 202511 | G372: =_xlfn.XLOOKUP(B372,[1]总表!$C:$C,[1]总表!$E:$E) -> 12988.61 | H372: =C372-G372 -> 0 | I372: 中国电信
A373: 2025-11 | B373: 朱春红 | C373: 8123.94 | D373: 6216910214298678 | E373: 9 | F373: 202511 | G373: =_xlfn.XLOOKUP(B373,[1]总表!$C:$C,[1]总表!$E:$E) -> 8123.94 | H373: =C373-G373 -> 0 | I373: 中国电信
A374: 2025-11 | B374: 杭亮 | C374: 7665.85 | D374: 6226200202094174 | E374: 9 | F374: 202511 | G374: =_xlfn.XLOOKUP(B374,[1]总表!$C:$C,[1]总表!$E:$E) -> 7665.85 | H374: =C374-G374 -> 0 | I374: 中国电信
A375: 2025-11 | B375: 高雄飞 | C375: 8681.16 | D375: 6227001216930076819 | E375: 9 | F375: 202511 | G375: =_xlfn.XLOOKUP(B375,[1]总表!$C:$C,[1]总表!$E:$E) -> 8681.16 | H375: =C375-G375 -> 0 | I375: 中国电信
A376: 2025-11 | B376: 季华 | C376: 7875.46 | D376: 6216910201542799 | E376: 9 | F376: 202511 | G376: =_xlfn.XLOOKUP(B376,[1]总表!$C:$C,[1]总表!$E:$E) -> 7875.46 | H376: =C376-G376 -> 0 | I376: 中国电信
A377: 2025-11 | B377: 孟浩杰 | C377: 8875.23 | D377: 6226200206525603 | E377: 9 | F377: 202511 | G377: =_xlfn.XLOOKUP(B377,[1]总表!$C:$C,[1]总表!$E:$E) -> 8875.23 | H377: =C377-G377 -> 0 | I377: 中国电信
... A456: 2025-11 | B456: 王凌波 | C456: 7349.32 | D456: 6217920164252467 | E456: 11 | F456: 202511 | G456: =_xlfn.XLOOKUP(B456,[1]总表!$C:$C,[1]总表!$E:$E) -> 7349.32 | H456: =C456-G456 -> 0 | I456: 中国电信
A457: 2025-11 | B457: 陆燕 | C457: 9557.04 | D457: 6217710207185737 | E457: 11 | F457: 202511 | G457: 9557.04 | H457: =C457-G457 -> 0 | I457: 中国电信
A458: 2025-11 | B458: 王燕 | C458: 7259.55 | D458: 6217680209012918 | E458: 11 | F458: 202511 | G458: 7259.55 | H458: =C458-G458 -> 0 | I458: 中国电信
A459: 2025-11 | B459: 陈梅 | C459: 10593.36 | D459: 6217730289868414 | E459: 11 | F459: 202511 | G459: =_xlfn.XLOOKUP(B459,[1]总表!$C:$C,[1]总表!$E:$E) -> 10593.36 | H459: =C459-G459 -> 0 | I459: 中国电信
A460: 2025-11 | B460: 汪依依 | C460: 3520 | D460: 6228480039537312470 | E460: 11 | F460: 202511 | G460: =_xlfn.XLOOKUP(B460,[1]总表!$C:$C,[1]总表!$E:$E) -> 3520 | H460: =C460-G460 -> 0 | I460: 中国电信
A461: 2025-11 | B461: 任义琴 | C461: 20820.96 | D461: 6217680209012751 | E461: 11 | F461: 202511 | G461: =_xlfn.XLOOKUP(B461,[1]总表!$C:$C,[1]总表!$E:$E) -> 20820.96 | H461: =C461-G461 -> 0 | I461: 中国电信
A462: 2025-11 | B462: 钱雯 | C462: 8417.17 | D462: 6217680208749155 | E462: 11 | F462: 202511 | G462: =_xlfn.XLOOKUP(B462,[1]总表!$C:$C,[1]总表!$E:$E) -> 8417.17 | H462: =C462-G462 -> 0 | I462: 中国电信
A463: 2025-11 | B463: 朱燕 | C463: 9481.53 | D463: 6217680208428404 | E463: 11 | F463: 202511 | G463: =_xlfn.XLOOKUP(B463,[1]总表!$C:$C,[1]总表!$E:$E) -> 9481.53 | H463: =C463-G463 -> 0 | I463: 中国电信
A464: 2025-11 | B464: 陈彤丰 | C464: 19306.39 | D464: 6217680209013080 | E464: 11 | F464: 202511 | G464: =_xlfn.XLOOKUP(B464,[1]总表!$C:$C,[1]总表!$E:$E) -> 19306.39 | H464: =C464-G464 -> 0 | I464: 中国电信
A465: 2025-11 | B465: 黄怡婷 | C465: 3520 | D465: 6217001180011522094 | E465: 11 | F465: 202511 | G465: =_xlfn.XLOOKUP(B465,[1]总表!$C:$C,[1]总表!$E:$E) -> 3520 | H465: =C465-G465 -> 0 | I465: 中国电信
A466: 2025-11 | B466: 倪蓓茹 | C466: 33010.97 | D466: 6217730209413317 | E466: 11 | F466: 202511 | G466: =_xlfn.XLOOKUP(B466,[1]总表!$C:$C,[1]总表!$E:$E) -> 33010.97 | H466: =C466-G466 -> 0 | I466: 中国电信
A467: 2025-11 | B467: 陆燕红 | C467: 6715.48 | D467: 6217710207185760 | E467: 11 | F467: 202511 | G467: =_xlfn.XLOOKUP(B467,[1]总表!$C:$C,[1]总表!$E:$E) -> 6715.48 | H467: =C467-G467 -> 0 | I467: 中国电信
...
