Workbook

Sheet Sheet1
A1: month | B1: bank_name | C1: bank_amount | D1: bank_account_no | E1: bank_page | F1: pdf_date
A2: 2024-10 | B2: 徐梁 | C2: 7448.51 | D2: 4367421218504256577 | E2: 1 | F2: 202410 | G2: =_xlfn.XLOOKUP(B2,[1]总表!$B:$B,[1]总表!$I:$I) -> 7448.51 | H2: =C2-G2 -> 0 | I2: =_xlfn.XLOOKUP(B2,[1]总表!$B:$B,[1]总表!$E:$E) -> 中国电信-触点莘闵
A3: 2024-10 | B3: 陶君妮 | C3: 6007.13 | D3: 620522001031357736 | E3: 1 | F3: 202410 | G3: =_xlfn.XLOOKUP(B3,[1]总表!$B:$B,[1]总表!$I:$I) -> 6007.13 | H3: =C3-G3 -> 0 | I3: =_xlfn.XLOOKUP(B3,[1]总表!$B:$B,[1]总表!$E:$E) -> 中国电信-触点嘉定
A4: 2024-10 | B4: 沈静 | C4: 8318.97 | D4: 6212261001014535485 | E4: 1 | F4: 202410 | G4: =_xlfn.XLOOKUP(B4,[1]总表!$B:$B,[1]总表!$I:$I) -> 8318.97 | H4: =C4-G4 -> 0 | I4: =_xlfn.XLOOKUP(B4,[1]总表!$B:$B,[1]总表!$E:$E) -> 中国电信-触点崇明
A5: 2024-10 | B5: 袁伟 | C5: 6797.42 | D5: 620522001012262871 | E5: 1 | F5: 202410 | G5: =_xlfn.XLOOKUP(B5,[1]总表!$B:$B,[1]总表!$I:$I) -> 6797.42 | H5: =C5-G5 -> 0 | I5: =_xlfn.XLOOKUP(B5,[1]总表!$B:$B,[1]总表!$E:$E) -> 中国电信-触点浦东
A6: 2024-10 | B6: 陈慧 | C6: 11905.66 | D6: 6212261001100244257 | E6: 1 | F6: 202410 | G6: =_xlfn.XLOOKUP(B6,[1]总表!$B:$B,[1]总表!$I:$I) -> 11905.66 | H6: =C6-G6 -> 0 | I6: =_xlfn.XLOOKUP(B6,[1]总表!$B:$B,[1]总表!$E:$E) -> 中国电信-触点莘闵
A7: 2024-10 | B7: 孙治虹 | C7: 16929.91 | D7: 6212261001021036154 | E7: 1 | F7: 202410 | G7: =_xlfn.XLOOKUP(B7,[1]总表!$B:$B,[1]总表!$I:$I) -> 16929.91 | H7: =C7-G7 -> 0 | I7: =_xlfn.XLOOKUP(B7,[1]总表!$B:$B,[1]总表!$E:$E) -> 中国电信-触点浦东
A8: 2024-10 | B8: 曾娓 | C8: 13279.47 | D8: 620522001031378591 | E8: 1 | F8: 202410 | G8: =_xlfn.XLOOKUP(B8,[1]总表!$B:$B,[1]总表!$I:$I) -> 13279.47 | H8: =C8-G8 -> 0 | I8: =_xlfn.XLOOKUP(B8,[1]总表!$B:$B,[1]总表!$E:$E) -> 中国电信-触点南区
A9: 2024-10 | B9: 张玉美 | C9: 9552.36 | D9: 6212261001023879221 | E9: 1 | F9: 202410 | G9: =_xlfn.XLOOKUP(B9,[1]总表!$B:$B,[1]总表!$I:$I) -> 9552.36 | H9: =C9-G9 -> 0 | I9: =_xlfn.XLOOKUP(B9,[1]总表!$B:$B,[1]总表!$E:$E) -> 中国电信-触点崇明
A10: 2024-10 | B10: 曹国祯 | C10: 5797.94 | D10: 620522001010059642 | E10: 1 | F10: 202410 | G10: =_xlfn.XLOOKUP(B10,[1]总表!$B:$B,[1]总表!$I:$I) -> 5797.94 | H10: =C10-G10 -> 0 | I10: =_xlfn.XLOOKUP(B10,[1]总表!$B:$B,[1]总表!$E:$E) -> 中国电信-触点北区
A11: 2024-10 | B11: 姚嘉雯 | C11: 7800.19 | D11: 6212261001025158194 | E11: 1 | F11: 202410 | G11: =_xlfn.XLOOKUP(B11,[1]总表!$B:$B,[1]总表!$I:$I) -> 7800.19 | H11: =C11-G11 -> 0 | I11: =_xlfn.XLOOKUP(B11,[1]总表!$B:$B,[1]总表!$E:$E) -> 中国电信-触点崇明
A12: 2024-10 | B12: 聂俐敏 | C12: 6464.41 | D12: 620522001016484109 | E12: 1 | F12: 202410 | G12: =_xlfn.XLOOKUP(B12,[1]总表!$B:$B,[1]总表!$I:$I) -> 6464.41 | H12: =C12-G12 -> 0 | I12: =_xlfn.XLOOKUP(B12,[1]总表!$B:$B,[1]总表!$E:$E) -> 中国电信-触点浦东
A13: 2024-10 | B13: 孙雨萍 | C13: 7773.11 | D13: 6212261001099484328 | E13: 1 | F13: 202410 | G13: =_xlfn.XLOOKUP(B13,[1]总表!$B:$B,[1]总表!$I:$I) -> 7773.11 | H13: =C13-G13 -> 0 | I13: =_xlfn.XLOOKUP(B13,[1]总表!$B:$B,[1]总表!$E:$E) -> 中国电信-触点奉贤
... A25: 2024-10 | B25: 王俊 | C25: 12155.42 | D25: 620522001031179536 | E25: 1 | F25: 202410 | G25: =_xlfn.XLOOKUP(B25,[1]总表!$B:$B,[1]总表!$I:$I) -> 12155.42 | H25: =C25-G25 -> 0 | I25: =_xlfn.XLOOKUP(B25,[1]总表!$B:$B,[1]总表!$E:$E) -> 中国电信-触点南区
A26: 2024-10 | B26: 韩璐 | C26: 2690 | D26: 6212263500009893476 | E26: 1 | F26: 202410 | G26: =_xlfn.XLOOKUP(B26,[1]总表!$B:$B,[1]总表!$I:$I) -> #N/A | H26: =C26-G26 -> #N/A | I26: =_xlfn.XLOOKUP(B26,[1]总表!$B:$B,[1]总表!$E:$E) -> #N/A | J26: 未匹配到
A27: 2024-10 | B27: 牟金丽 | C27: 5173.64 | D27: 6217001180059480700 | E27: 1 | F27: 202410 | G27: =_xlfn.XLOOKUP(B27,[1]总表!$B:$B,[1]总表!$I:$I) -> 5173.64 | H27: =C27-G27 -> 0 | I27: =_xlfn.XLOOKUP(B27,[1]总表!$B:$B,[1]总表!$E:$E) -> 中国电信-触点松江
A28: 2024-10 | B28: 姚旭蒙 | C28: 3370 | D28: 6217001180060548800 | E28: 1 | F28: 202410 | G28: =_xlfn.XLOOKUP(B28,[1]总表!$B:$B,[1]总表!$I:$I) -> 3370 | H28: =C28-G28 -> 0 | I28: =_xlfn.XLOOKUP(B28,[1]总表!$B:$B,[1]总表!$E:$E) -> 中国电信-触点松江
A29: 2024-10 | B29: 何金成 | C29: 2690 | D29: 6212263500033128659 | E29: 1 | F29: 202410 | G29: =_xlfn.XLOOKUP(B29,[1]总表!$B:$B,[1]总表!$I:$I) -> #N/A | H29: =C29-G29 -> #N/A | I29: =_xlfn.XLOOKUP(B29,[1]总表!$B:$B,[1]总表!$E:$E) -> #N/A | J29: 未匹配到
A30: 2024-10 | B30: 封春燕 | C30: 14383.97 | D30: 6217001180061348812 | E30: 1 | F30: 202410 | G30: =_xlfn.XLOOKUP(B30,[1]总表!$B:$B,[1]总表!$I:$I) -> 14383.97 | H30: =C30-G30 -> 0 | I30: =_xlfn.XLOOKUP(B30,[1]总表!$B:$B,[1]总表!$E:$E) -> 中国电信-触点松江
A31: 2024-10 | B31: 华珺 | C31: 5379.95 | D31: 620522004003214554 | E31: 1 | F31: 202410 | G31: =_xlfn.XLOOKUP(B31,[1]总表!$B:$B,[1]总表!$I:$I) -> 5379.95 | H31: =C31-G31 -> 0 | I31: =_xlfn.XLOOKUP(B31,[1]总表!$B:$B,[1]总表!$E:$E) -> 中国电信-触点嘉定
A32: 2024-10 | B32: 万筱筱 | C32: 5687.15 | D32: 620522004003214562 | E32: 1 | F32: 202410 | G32: =_xlfn.XLOOKUP(B32,[1]总表!$B:$B,[1]总表!$I:$I) -> 5687.15 | H32: =C32-G32 -> 0 | I32: =_xlfn.XLOOKUP(B32,[1]总表!$B:$B,[1]总表!$E:$E) -> 中国电信-触点嘉定
A33: 2024-10 | B33: 黄晓菲 | C33: 19171.75 | D33: 620522001031179551 | E33: 1 | F33: 202410 | G33: =_xlfn.XLOOKUP(B33,[1]总表!$B:$B,[1]总表!$I:$I) -> 19171.75 | H33: =C33-G33 -> 0 | I33: =_xlfn.XLOOKUP(B33,[1]总表!$B:$B,[1]总表!$E:$E) -> 中国电信-触点南区
A34: 2024-10 | B34: 胡颖琦 | C34: 6445.69 | D34: 620522004003326879 | E34: 1 | F34: 202410 | G34: =_xlfn.XLOOKUP(B34,[1]总表!$B:$B,[1]总表!$I:$I) -> 6445.69 | H34: =C34-G34 -> 0 | I34: =_xlfn.XLOOKUP(B34,[1]总表!$B:$B,[1]总表!$E:$E) -> 中国电信-触点南区
A35: 2024-10 | B35: 张钦 | C35: 6680.6 | D35: 620522005005522852 | E35: 1 | F35: 202410 | G35: =_xlfn.XLOOKUP(B35,[1]总表!$B:$B,[1]总表!$I:$I) -> 6680.6 | H35: =C35-G35 -> 0 | I35: =_xlfn.XLOOKUP(B35,[1]总表!$B:$B,[1]总表!$E:$E) -> 中国电信-触点北区
A36: 2024-10 | B36: 赵俊 | C36: 9355.69 | D36: 620522001031179569 | E36: 1 | F36: 202410 | G36: =_xlfn.XLOOKUP(B36,[1]总表!$B:$B,[1]总表!$I:$I) -> 9355.69 | H36: =C36-G36 -> 0 | I36: =_xlfn.XLOOKUP(B36,[1]总表!$B:$B,[1]总表!$E:$E) -> 中国电信-触点南区
A37: 2024-10 | B37: 陈斌 | C37: 6224.18 | D37: 620522006221359897 | E37: 1 | F37: 202410 | G37: =_xlfn.XLOOKUP(B37,[1]总表!$B:$B,[1]总表!$I:$I) -> 6224.18 | H37: =C37-G37 -> 0 | I37: =_xlfn.XLOOKUP(B37,[1]总表!$B:$B,[1]总表!$E:$E) -> 中国电信-触点南区
A38: 2024-10 | B38: 刘志强 | C38: 9559.93 | D38: 6217001180063036928 | E38: 1 | F38: 202410 | G38: =_xlfn.XLOOKUP(B38,[1]总表!$B:$B,[1]总表!$I:$I) -> 9559.93 | H38: =C38-G38 -> 0 | I38: =_xlfn.XLOOKUP(B38,[1]总表!$B:$B,[1]总表!$E:$E) -> 中国电信-触点莘闵
A39: 2024-10 | B39: 李怡 | C39: 158.8 | D39: 620522007005038343 | E39: 1 | F39: 202410 | G39: =_xlfn.XLOOKUP(B39,[1]总表!$B:$B,[1]总表!$I:$I) -> 158.8 | H39: =C39-G39 -> 0 | I39: =_xlfn.XLOOKUP(B39,[1]总表!$B:$B,[1]总表!$E:$E) -> 中国电信-触点北区
A40: 2024-10 | B40: 杨叮 | C40: 4542.19 | D40: 620522001030541330 | E40: 2 | F40: 202410 | G40: =_xlfn.XLOOKUP(B40,[1]总表!$B:$B,[1]总表!$I:$I) -> 4542.19 | H40: =C40-G40 -> 0 | I40: =_xlfn.XLOOKUP(B40,[1]总表!$B:$B,[1]总表!$E:$E) -> 中国电信-触点嘉定
A41: 2024-10 | B41: 林建海 | C41: 3320 | D41: 6217001180015013777 | E41: 2 | F41: 202410 | G41: =_xlfn.XLOOKUP(B41,[1]总表!$B:$B,[1]总表!$I:$I) -> 3320 | H41: =C41-G41 -> 0 | I41: =_xlfn.XLOOKUP(B41,[1]总表!$B:$B,[1]总表!$E:$E) -> 中国电信-触点北区
... A101: 2024-10 | B101: 姚丽 | C101: 10835.88 | D101: 6222031001002082100 | E101: 3 | F101: 202410 | G101: =_xlfn.XLOOKUP(B101,[1]总表!$B:$B,[1]总表!$I:$I) -> 10835.88 | H101: =C101-G101 -> 0 | I101: =_xlfn.XLOOKUP(B101,[1]总表!$B:$B,[1]总表!$E:$E) -> 中国电信-触点浦东
A102: 2024-10 | B102: 晁文龙 | C102: 2690 | D102: 6222022712005457930 | E102: 3 | F102: 202410 | G102: =_xlfn.XLOOKUP(B102,[1]总表!$B:$B,[1]总表!$I:$I) -> #N/A | H102: =C102-G102 -> #N/A | I102: =_xlfn.XLOOKUP(B102,[1]总表!$B:$B,[1]总表!$E:$E) -> #N/A | J102: 未匹配到
A103: 2024-10 | B103: 高明 | C103: 6417.64 | D103: 6222021001134896361 | E103: 3 | F103: 202410 | G103: =_xlfn.XLOOKUP(B103,[1]总表!$B:$B,[1]总表!$I:$I) -> 6417.64 | H103: =C103-G103 -> 0 | I103: =_xlfn.XLOOKUP(B103,[1]总表!$B:$B,[1]总表!$E:$E) -> 中国电信-触点北区
A104: 2024-10 | B104: 沈明捷 | C104: 5592.86 | D104: 6226200207944613 | E104: 3 | F104: 202410 | G104: =_xlfn.XLOOKUP(B104,[1]总表!$B:$B,[1]总表!$I:$I) -> 5592.86 | H104: =C104-G104 -> 0 | I104: =_xlfn.XLOOKUP(B104,[1]总表!$B:$B,[1]总表!$E:$E) -> 中国电信-触点莘闵
A105: 2024-10 | B105: 万杜娟 | C105: 5563.63 | D105: 6222021001119086749 | E105: 3 | F105: 202410 | G105: =_xlfn.XLOOKUP(B105,[1]总表!$B:$B,[1]总表!$I:$I) -> 5563.63 | H105: =C105-G105 -> 0 | I105: =_xlfn.XLOOKUP(B105,[1]总表!$B:$B,[1]总表!$E:$E) -> 中国电信-触点崇明
A106: 2024-10 | B106: 许晓春 | C106: 3810.38 | D106: 6226200205546808 | E106: 3 | F106: 202410 | G106: =_xlfn.XLOOKUP(B106,[1]总表!$B:$B,[1]总表!$I:$I) -> 3810.38 | H106: =C106-G106 -> 0 | I106: =_xlfn.XLOOKUP(B106,[1]总表!$B:$B,[1]总表!$E:$E) -> 中国电信-触点南区
A107: 2024-10 | B107: 陆佩红 | C107: 3320 | D107: 6222021001116493633 | E107: 3 | F107: 202410 | G107: =_xlfn.XLOOKUP(B107,[1]总表!$B:$B,[1]总表!$I:$I) -> 3320 | H107: =C107-G107 -> 0 | I107: =_xlfn.XLOOKUP(B107,[1]总表!$B:$B,[1]总表!$E:$E) -> 中国电信-触点浦东
A108: 2024-10 | B108: 倪燕 | C108: 9268.74 | D108: 6222031001015360188 | E108: 3 | F108: 202410 | G108: =_xlfn.XLOOKUP(B108,[1]总表!$B:$B,[1]总表!$I:$I) -> 9268.74 | H108: =C108-G108 -> 0 | I108: =_xlfn.XLOOKUP(B108,[1]总表!$B:$B,[1]总表!$E:$E) -> 中国电信-触点浦东
A109: 2024-10 | B109: 顾恺凯 | C109: 10170.76 | D109: 6226220222317629 | E109: 3 | F109: 202410 | G109: =_xlfn.XLOOKUP(B109,[1]总表!$B:$B,[1]总表!$I:$I) -> 10170.76 | H109: =C109-G109 -> 0 | I109: =_xlfn.XLOOKUP(B109,[1]总表!$B:$B,[1]总表!$E:$E) -> 中国电信-触点南区
A110: 2024-10 | B110: 张弘开 | C110: 5691.9 | D110: 6222620110038336583 | E110: 3 | F110: 202410 | G110: =_xlfn.XLOOKUP(B110,[1]总表!$B:$B,[1]总表!$I:$I) -> 5691.9 | H110: =C110-G110 -> 0 | I110: =_xlfn.XLOOKUP(B110,[1]总表!$B:$B,[1]总表!$E:$E) -> 中国电信-触点南区
A111: 2024-10 | B111: 王艳 | C111: 22942.43 | D111: 6222620110068260836 | E111: 3 | F111: 202410 | G111: =_xlfn.XLOOKUP(B111,[1]总表!$B:$B,[1]总表!$I:$I) -> 22942.43 | H111: =C111-G111 -> 0 | I111: =_xlfn.XLOOKUP(B111,[1]总表!$B:$B,[1]总表!$E:$E) -> 中国电信-触点宝山
A112: 2024-10 | B112: 朱琳 | C112: 6344.82 | D112: 6222620110027019836 | E112: 3 | F112: 202410 | G112: =_xlfn.XLOOKUP(B112,[1]总表!$B:$B,[1]总表!$I:$I) -> 6344.82 | H112: =C112-G112 -> 0 | I112: =_xlfn.XLOOKUP(B112,[1]总表!$B:$B,[1]总表!$E:$E) -> 中国电信-触点宝山
A113: 2024-10 | B113: 许加云 | C113: 5151.38 | D113: 6217001180035160954 | E113: 3 | F113: 202410 | G113: =_xlfn.XLOOKUP(B113,[1]总表!$B:$B,[1]总表!$I:$I) -> 5151.38 | H113: =C113-G113 -> 0 | I113: =_xlfn.XLOOKUP(B113,[1]总表!$B:$B,[1]总表!$E:$E) -> 中国电信-触点北区
A114: 2024-10 | B114: 王偲 | C114: 6302.75 | D114: 6217001180040255476 | E114: 3 | F114: 202410 | G114: =_xlfn.XLOOKUP(B114,[1]总表!$B:$B,[1]总表!$I:$I) -> 6302.75 | H114: =C114-G114 -> 0 | I114: =_xlfn.XLOOKUP(B114,[1]总表!$B:$B,[1]总表!$E:$E) -> 中国电信-触点东区
... A122: 2024-10 | B122: 陈敏 | C122: 5451.86 | D122: 620522004000065462 | E122: 3 | F122: 202410 | G122: =_xlfn.XLOOKUP(B122,[1]总表!$B:$B,[1]总表!$I:$I) -> 5451.86 | H122: =C122-G122 -> 0 | I122: =_xlfn.XLOOKUP(B122,[1]总表!$B:$B,[1]总表!$E:$E) -> 中国电信-触点南区
A123: 2024-10 | B123: 黄瑛 | C123: 6580.76 | D123: 6217001180055535119 | E123: 3 | F123: 202410 | G123: 6580.76 | H123: =C123-G123 -> 0 | I123: =_xlfn.XLOOKUP(B123,[1]总表!$B:$B,[1]总表!$E:$E) -> 中国电信-触点浦东
A124: 2024-10 | B124: 诸振 | C124: 5461.45 | D124: 620522004003005747 | E124: 3 | F124: 202410 | G124: =_xlfn.XLOOKUP(B124,[1]总表!$B:$B,[1]总表!$I:$I) -> 5461.45 | H124: =C124-G124 -> 0 | I124: =_xlfn.XLOOKUP(B124,[1]总表!$B:$B,[1]总表!$E:$E) -> 中国电信-触点南区
A125: 2024-10 | B125: 范国金 | C125: 5272.12 | D125: 6222620110080629927 | E125: 3 | F125: 202410 | G125: =_xlfn.XLOOKUP(B125,[1]总表!$B:$B,[1]总表!$I:$I) -> 5272.12 | H125: =C125-G125 -> 0 | I125: =_xlfn.XLOOKUP(B125,[1]总表!$B:$B,[1]总表!$E:$E) -> 中国电信-触点莘闵
A126: 2024-10 | B126: 杨小凤 | C126: 18057.25 | D126: 6228480039502884370 | E126: 3 | F126: 202410 | G126: =_xlfn.XLOOKUP(B126,[1]总表!$B:$B,[1]总表!$I:$I) -> 18057.25 | H126: =C126-G126 -> 0 | I126: =_xlfn.XLOOKUP(B126,[1]总表!$B:$B,[1]总表!$E:$E) -> 中国电信-触点松江
A127: 2024-10 | B127: 陆晓岚 | C127: 3370 | D127: 6230580000261342310 | E127: 3 | F127: 202410 | G127: =_xlfn.XLOOKUP(B127,[1]总表!$B:$B,[1]总表!$I:$I) -> 3370 | H127: =C127-G127 -> 0 | I127: =_xlfn.XLOOKUP(B127,[1]总表!$B:$B,[1]总表!$E:$E) -> 中国电信-触点松江
A128: 2024-10 | B128: 吴裕刚 | C128: 7378.3 | D128: 6226200205448096 | E128: 3 | F128: 202410 | G128: =_xlfn.XLOOKUP(B128,[1]总表!$B:$B,[1]总表!$I:$I) -> 7378.3 | H128: =C128-G128 -> 0 | I128: =_xlfn.XLOOKUP(B128,[1]总表!$B:$B,[1]总表!$E:$E) -> 中国电信-触点东区
A129: 2024-10 | B129: 陈辰 | C129: 16125.95 | D129: 9558821001001283293 | E129: 3 | F129: 202410 | G129: =_xlfn.XLOOKUP(B129,[1]总表!$B:$B,[1]总表!$I:$I) -> 16125.95 | H129: =C129-G129 -> 0 | I129: =_xlfn.XLOOKUP(B129,[1]总表!$B:$B,[1]总表!$E:$E) -> 中国电信-触点崇明
A130: 2024-10 | B130: 谭晓刚 | C130: 4485.2 | D130: 6217001180059416399 | E130: 3 | F130: 202410 | G130: =_xlfn.XLOOKUP(B130,[1]总表!$B:$B,[1]总表!$I:$I) -> 4485.2 | H130: =C130-G130 -> 0 | I130: =_xlfn.XLOOKUP(B130,[1]总表!$B:$B,[1]总表!$E:$E) -> 中国电信-触点松江
A131: 2024-10 | B131: 蒋萍萍 | C131: 11119.88 | D131: 6217001180056889713 | E131: 3 | F131: 202410 | G131: =_xlfn.XLOOKUP(B131,[1]总表!$B:$B,[1]总表!$I:$I) -> 11119.88 | H131: =C131-G131 -> 0 | I131: =_xlfn.XLOOKUP(B131,[1]总表!$B:$B,[1]总表!$E:$E) -> 中国电信-触点松江
A132: 2024-10 | B132: 张晓薇 | C132: 6499.29 | D132: 6217001180056290367 | E132: 3 | F132: 202410 | G132: =_xlfn.XLOOKUP(B132,[1]总表!$B:$B,[1]总表!$I:$I) -> 6499.29 | H132: =C132-G132 -> 0 | I132: =_xlfn.XLOOKUP(B132,[1]总表!$B:$B,[1]总表!$E:$E) -> 中国电信-触点松江
A133: 2024-10 | B133: 李亮 | C133: 11394.11 | D133: 6231626031060202714 | E133: 3 | F133: 202410 | G133: =_xlfn.XLOOKUP(B133,[1]总表!$B:$B,[1]总表!$I:$I) -> 11394.11 | H133: =C133-G133 -> 0 | I133: =_xlfn.XLOOKUP(B133,[1]总表!$B:$B,[1]总表!$E:$E) -> 中国电信-触点南区
A134: 2024-10 | B134: 石尚明 | C134: 7999.28 | D134: 6217992900051039274 | E134: 4 | F134: 202410 | G134: =_xlfn.XLOOKUP(B134,[1]总表!$B:$B,[1]总表!$I:$I) -> 7999.28 | H134: =C134-G134 -> 0 | I134: =_xlfn.XLOOKUP(B134,[1]总表!$B:$B,[1]总表!$E:$E) -> 中国电信-触点奉贤
A135: 2024-10 | B135: 汪明珠 | C135: 4565.52 | D135: 6217992900059084835 | E135: 4 | F135: 202410 | G135: =_xlfn.XLOOKUP(B135,[1]总表!$B:$B,[1]总表!$I:$I) -> 4565.52 | H135: =C135-G135 -> 0 | I135: =_xlfn.XLOOKUP(B135,[1]总表!$B:$B,[1]总表!$E:$E) -> 中国电信-触点西区
... A208: 2024-10 | B208: 潘红 | C208: 8178.81 | D208: 6217730289852343 | E208: 5 | F208: 202410 | G208: =_xlfn.XLOOKUP(B208,[1]总表!$B:$B,[1]总表!$I:$I) -> 8178.81 | H208: =C208-G208 -> 0 | I208: =_xlfn.XLOOKUP(B208,[1]总表!$B:$B,[1]总表!$E:$E) -> 中国电信-触点浦东
A209: 2024-10 | B209: 宋莉莉 | C209: 9773.66 | D209: 6217920163505089 | E209: 5 | F209: 202410 | G209: 9773.66 | H209: =C209-G209 -> 0 | I209: =_xlfn.XLOOKUP(B209,[1]总表!$B:$B,[1]总表!$E:$E) -> 中国电信-触点宝山
A210: 2024-10 | B210: 周海松 | C210: 7158.23 | D210: 6217920125634977 | E210: 5 | F210: 202410 | G210: =_xlfn.XLOOKUP(B210,[1]总表!$B:$B,[1]总表!$I:$I) -> 7158.23 | H210: =C210-G210 -> 0 | I210: =_xlfn.XLOOKUP(B210,[1]总表!$B:$B,[1]总表!$E:$E) -> 中国电信-触点宝山
A211: 2024-10 | B211: 陆丹凤 | C211: 732 | D211: 6217920164074861 | E211: 5 | F211: 202410 | G211: =_xlfn.XLOOKUP(B211,[1]总表!$B:$B,[1]总表!$I:$I) -> 732 | H211: =C211-G211 -> 0 | I211: =_xlfn.XLOOKUP(B211,[1]总表!$B:$B,[1]总表!$E:$E) -> 中国电信-触点莘闵
A212: 2024-10 | B212: 朱静花 | C212: 3624.44 | D212: 6217920163505097 | E212: 5 | F212: 202410 | G212: =_xlfn.XLOOKUP(B212,[1]总表!$B:$B,[1]总表!$I:$I) -> 3624.44 | H212: =C212-G212 -> 0 | I212: =_xlfn.XLOOKUP(B212,[1]总表!$B:$B,[1]总表!$E:$E) -> 中国电信-触点青浦
A213: 2024-10 | B213: 刘欢 | C213: 6271.7 | D213: 6217992900018422043 | E213: 5 | F213: 202410 | G213: =_xlfn.XLOOKUP(B213,[1]总表!$B:$B,[1]总表!$I:$I) -> 6271.7 | H213: =C213-G213 -> 0 | I213: =_xlfn.XLOOKUP(B213,[1]总表!$B:$B,[1]总表!$E:$E) -> 中国电信-触点嘉定
A214: 2024-10 | B214: 蒋金秀 | C214: 10458.71 | D214: 6217992900017954244 | E214: 5 | F214: 202410 | G214: =_xlfn.XLOOKUP(B214,[1]总表!$B:$B,[1]总表!$I:$I) -> 10458.71 | H214: =C214-G214 -> 0 | I214: =_xlfn.XLOOKUP(B214,[1]总表!$B:$B,[1]总表!$E:$E) -> 中国电信-触点青浦
A215: 2024-10 | B215: 张晨 | C215: 9307.11 | D215: 6228480038589527076 | E215: 5 | F215: 202410 | G215: =_xlfn.XLOOKUP(B215,[1]总表!$B:$B,[1]总表!$I:$I) -> 9307.11 | H215: =C215-G215 -> 0 | I215: =_xlfn.XLOOKUP(B215,[1]总表!$B:$B,[1]总表!$E:$E) -> 中国电信-触点嘉定
A216: 2024-10 | B216: 马玲娜 | C216: 7788.13 | D216: 6217992900015492940 | E216: 5 | F216: 202410 | G216: =_xlfn.XLOOKUP(B216,[1]总表!$B:$B,[1]总表!$I:$I) -> 7788.13 | H216: =C216-G216 -> 0 | I216: =_xlfn.XLOOKUP(B216,[1]总表!$B:$B,[1]总表!$E:$E) -> 中国电信-触点奉贤
A217: 2024-10 | B217: 陈叶 | C217: 4774.8 | D217: 6217992900015097541 | E217: 5 | F217: 202410 | G217: =_xlfn.XLOOKUP(B217,[1]总表!$B:$B,[1]总表!$I:$I) -> 4774.8 | H217: =C217-G217 -> 0 | I217: =_xlfn.XLOOKUP(B217,[1]总表!$B:$B,[1]总表!$E:$E) -> 中国电信-触点奉贤
A218: 2024-10 | B218: 朱菊花 | C218: 12776.62 | D218: 6217992900014690312 | E218: 5 | F218: 202410 | G218: =_xlfn.XLOOKUP(B218,[1]总表!$B:$B,[1]总表!$I:$I) -> 12776.62 | H218: =C218-G218 -> 0 | I218: =_xlfn.XLOOKUP(B218,[1]总表!$B:$B,[1]总表!$E:$E) -> 中国电信-触点奉贤
A219: 2024-10 | B219: 罗环环 | C219: 5778.75 | D219: 6217992900013920306 | E219: 5 | F219: 202410 | G219: =_xlfn.XLOOKUP(B219,[1]总表!$B:$B,[1]总表!$I:$I) -> 5778.75 | H219: =C219-G219 -> 0 | I219: =_xlfn.XLOOKUP(B219,[1]总表!$B:$B,[1]总表!$E:$E) -> 中国电信-触点浦东
A220: 2024-10 | B220: 潘丽 | C220: 8212.71 | D220: 6217935152120500 | E220: 5 | F220: 202410 | G220: =_xlfn.XLOOKUP(B220,[1]总表!$B:$B,[1]总表!$I:$I) -> 8212.71 | H220: =C220-G220 -> 0 | I220: =_xlfn.XLOOKUP(B220,[1]总表!$B:$B,[1]总表!$E:$E) -> 中国电信-触点青浦
A221: 2024-10 | B221: 林峰 | C221: 4977.57 | D221: 6217935152044536 | E221: 5 | F221: 202410 | G221: =_xlfn.XLOOKUP(B221,[1]总表!$B:$B,[1]总表!$I:$I) -> 4977.57 | H221: =C221-G221 -> 0 | I221: =_xlfn.XLOOKUP(B221,[1]总表!$B:$B,[1]总表!$E:$E) -> 中国电信-触点宝山
... A263: 2024-10 | B263: 范智超 | C263: 3634.92 | D263: 6217680209012884 | E263: 6 | F263: 202410 | G263: =_xlfn.XLOOKUP(B263,[1]总表!$B:$B,[1]总表!$I:$I) -> 3634.92 | H263: =C263-G263 -> 0 | I263: =_xlfn.XLOOKUP(B263,[1]总表!$B:$B,[1]总表!$E:$E) -> 中国电信-触点松江
A264: 2024-10 | B264: 朱杰 | C264: 21511.74 | D264: 6217680209012223 | E264: 6 | F264: 202410 | G264: 21511.74 | H264: =C264-G264 -> 0 | I264: =_xlfn.XLOOKUP(B264,[1]总表!$B:$B,[1]总表!$E:$E) -> 中国电信-触点莘闵
A265: 2024-10 | B265: 常瑞 | C265: 6674.14 | D265: 6217680209012249 | E265: 6 | F265: 202410 | G265: =_xlfn.XLOOKUP(B265,[1]总表!$B:$B,[1]总表!$I:$I) -> 6674.14 | H265: =C265-G265 -> 0 | I265: =_xlfn.XLOOKUP(B265,[1]总表!$B:$B,[1]总表!$E:$E) -> 中国电信-触点西区
A266: 2024-10 | B266: 严旦 | C266: 20932.71 | D266: 6225220111713079 | E266: 6 | F266: 202410 | G266: =_xlfn.XLOOKUP(B266,[1]总表!$B:$B,[1]总表!$I:$I) -> 20932.71 | H266: =C266-G266 -> 0 | I266: =_xlfn.XLOOKUP(B266,[1]总表!$B:$B,[1]总表!$E:$E) -> 中国电信-触点浦东
A267: 2024-10 | B267: 张玉婷 | C267: 4687.65 | D267: 6217680209012264 | E267: 6 | F267: 202410 | G267: =_xlfn.XLOOKUP(B267,[1]总表!$B:$B,[1]总表!$I:$I) -> 4687.65 | H267: =C267-G267 -> 0 | I267: =_xlfn.XLOOKUP(B267,[1]总表!$B:$B,[1]总表!$E:$E) -> 中国电信-触点浦东
A268: 2024-10 | B268: 严晓莉 | C268: 15269.47 | D268: 6217680209012140 | E268: 6 | F268: 202410 | G268: =_xlfn.XLOOKUP(B268,[1]总表!$B:$B,[1]总表!$I:$I) -> 15269.47 | H268: =C268-G268 -> 0 | I268: =_xlfn.XLOOKUP(B268,[1]总表!$B:$B,[1]总表!$E:$E) -> 中国电信-触点浦东
A269: 2024-10 | B269: 朱娟 | C269: 11032.53 | D269: 6217680209012280 | E269: 6 | F269: 202410 | G269: =_xlfn.XLOOKUP(B269,[1]总表!$B:$B,[1]总表!$I:$I) -> 11032.53 | H269: =C269-G269 -> 0 | I269: =_xlfn.XLOOKUP(B269,[1]总表!$B:$B,[1]总表!$E:$E) -> 中国电信-触点宝山
A270: 2024-10 | B270: 钟丹凤 | C270: 3702.7 | D270: 6226200201822260 | E270: 6 | F270: 202410 | G270: =_xlfn.XLOOKUP(B270,[1]总表!$B:$B,[1]总表!$I:$I) -> 3702.7 | H270: =C270-G270 -> 0 | I270: =_xlfn.XLOOKUP(B270,[1]总表!$B:$B,[1]总表!$E:$E) -> 中国电信-触点浦东
A271: 2024-10 | B271: 杨洁 | C271: 9688.56 | D271: 6217680209012314 | E271: 6 | F271: 202410 | G271: 9688.56 | H271: =C271-G271 -> 0 | I271: =_xlfn.XLOOKUP(B271,[1]总表!$B:$B,[1]总表!$E:$E) -> 中国电信-触点崇明
A272: 2024-10 | B272: 杜清清 | C272: 6524.39 | D272: 6217680209012322 | E272: 6 | F272: 202410 | G272: =_xlfn.XLOOKUP(B272,[1]总表!$B:$B,[1]总表!$I:$I) -> 6524.39 | H272: =C272-G272 -> 0 | I272: =_xlfn.XLOOKUP(B272,[1]总表!$B:$B,[1]总表!$E:$E) -> 中国电信-触点浦东
A273: 2024-10 | B273: 贺彦 | C273: 4760 | D273: 6217680209012330 | E273: 6 | F273: 202410 | G273: =_xlfn.XLOOKUP(B273,[1]总表!$B:$B,[1]总表!$I:$I) -> 4760 | H273: =C273-G273 -> 0 | I273: =_xlfn.XLOOKUP(B273,[1]总表!$B:$B,[1]总表!$E:$E) -> 中国电信-触点东区
A274: 2024-10 | B274: 张善昊 | C274: 3714.51 | D274: 6226200202745502 | E274: 6 | F274: 202410 | G274: =_xlfn.XLOOKUP(B274,[1]总表!$B:$B,[1]总表!$I:$I) -> 3714.51 | H274: =C274-G274 -> 0 | I274: =_xlfn.XLOOKUP(B274,[1]总表!$B:$B,[1]总表!$E:$E) -> 中国电信-触点莘闵
A275: 2024-10 | B275: 谢丽萍 | C275: 7316.48 | D275: 6226200202780780 | E275: 6 | F275: 202410 | G275: =_xlfn.XLOOKUP(B275,[1]总表!$B:$B,[1]总表!$I:$I) -> 7316.48 | H275: =C275-G275 -> 0 | I275: =_xlfn.XLOOKUP(B275,[1]总表!$B:$B,[1]总表!$E:$E) -> 中国电信-触点浦东
A276: 2024-10 | B276: 白露霜 | C276: 8459.24 | D276: 6217680209012462 | E276: 6 | F276: 202410 | G276: =_xlfn.XLOOKUP(B276,[1]总表!$B:$B,[1]总表!$I:$I) -> 8459.24 | H276: =C276-G276 -> 0 | I276: =_xlfn.XLOOKUP(B276,[1]总表!$B:$B,[1]总表!$E:$E) -> 中国电信-触点浦东
A277: 2024-10 | B277: 戚继英 | C277: 6930.16 | D277: 6217680209012470 | E277: 6 | F277: 202410 | G277: =_xlfn.XLOOKUP(B277,[1]总表!$B:$B,[1]总表!$I:$I) -> 6930.16 | H277: =C277-G277 -> 0 | I277: =_xlfn.XLOOKUP(B277,[1]总表!$B:$B,[1]总表!$E:$E) -> 中国电信-触点东区
A278: 2024-10 | B278: 顾春风 | C278: 4740.46 | D278: 6217680209012504 | E278: 6 | F278: 202410 | G278: =_xlfn.XLOOKUP(B278,[1]总表!$B:$B,[1]总表!$I:$I) -> 4740.46 | H278: =C278-G278 -> 0 | I278: =_xlfn.XLOOKUP(B278,[1]总表!$B:$B,[1]总表!$E:$E) -> 中国电信-触点浦东
A279: 2024-10 | B279: 张春鹏 | C279: 6149.06 | D279: 6228480038791641871 | E279: 6 | F279: 202410 | G279: =_xlfn.XLOOKUP(B279,[1]总表!$B:$B,[1]总表!$I:$I) -> 6149.06 | H279: =C279-G279 -> 0 | I279: =_xlfn.XLOOKUP(B279,[1]总表!$B:$B,[1]总表!$E:$E) -> 中国电信-触点浦东
A280: 2024-10 | B280: 王燕 | C280: 3320 | D280: 622908213141464712 | E280: 6 | F280: 202410 | G280: 3320 | H280: =C280-G280 -> 0 | I280: =_xlfn.XLOOKUP(B280,[1]总表!$B:$B,[1]总表!$E:$E) -> 中国电信-触点浦东
A281: 2024-10 | B281: 何世芬 | C281: 12199.4 | D281: 6217680209012918 | E281: 6 | F281: 202410 | G281: =_xlfn.XLOOKUP(B281,[1]总表!$B:$B,[1]总表!$I:$I) -> 12199.4 | H281: =C281-G281 -> 0 | I281: =_xlfn.XLOOKUP(B281,[1]总表!$B:$B,[1]总表!$E:$E) -> 中国电信-触点浦东
A282: 2024-10 | B282: 陈艳青 | C282: 3963.4 | D282: 6217710207171919 | E282: 6 | F282: 202410 | G282: =_xlfn.XLOOKUP(B282,[1]总表!$B:$B,[1]总表!$I:$I) -> 3963.4 | H282: =C282-G282 -> 0 | I282: =_xlfn.XLOOKUP(B282,[1]总表!$B:$B,[1]总表!$E:$E) -> 中国电信-触点北区
A283: 2024-10 | B283: 董晓鸣 | C283: 3320 | D283: 622908213061697218 | E283: 6 | F283: 202410 | G283: =_xlfn.XLOOKUP(B283,[1]总表!$B:$B,[1]总表!$I:$I) -> 3320 | H283: =C283-G283 -> 0 | I283: =_xlfn.XLOOKUP(B283,[1]总表!$B:$B,[1]总表!$E:$E) -> 中国电信-触点浦东
A284: 2024-10 | B284: 陆燕 | C284: 8902.5 | D284: 6217710207185372 | E284: 6 | F284: 202410 | G284: 8902.5 | H284: =C284-G284 -> 0 | I284: =_xlfn.XLOOKUP(B284,[1]总表!$B:$B,[1]总表!$E:$E) -> 中国电信-触点宝山
A285: 2024-10 | B285: 陆燕红 | C285: 6483.52 | D285: 6217710207185737 | E285: 6 | F285: 202410 | G285: =_xlfn.XLOOKUP(B285,[1]总表!$B:$B,[1]总表!$I:$I) -> 6483.52 | H285: =C285-G285 -> 0 | I285: =_xlfn.XLOOKUP(B285,[1]总表!$B:$B,[1]总表!$E:$E) -> 中国电信-触点浦东
A286: 2024-10 | B286: 高文文 | C286: 8979.32 | D286: 6217710207185760 | E286: 6 | F286: 202410 | G286: =_xlfn.XLOOKUP(B286,[1]总表!$B:$B,[1]总表!$I:$I) -> 8979.32 | H286: =C286-G286 -> 0 | I286: =_xlfn.XLOOKUP(B286,[1]总表!$B:$B,[1]总表!$E:$E) -> 中国电信-触点北区
A287: 2024-10 | B287: 王燕 | C287: 11488.12 | D287: 6217680209012900 | E287: 6 | F287: 202410 | G287: =_xlfn.XLOOKUP(B287,[1]总表!$B:$B,[1]总表!$I:$I) -> 11488.12 | H287: =C287-G287 -> 0 | I287: =_xlfn.XLOOKUP(B287,[1]总表!$B:$B,[1]总表!$E:$E) -> 中国电信-触点浦东
A288: 2024-10 | B288: 陈维 | C288: 8965.78 | D288: 6217710207185844 | E288: 6 | F288: 202410 | G288: =_xlfn.XLOOKUP(B288,[1]总表!$B:$B,[1]总表!$I:$I) -> 8965.78 | H288: =C288-G288 -> 0 | I288: =_xlfn.XLOOKUP(B288,[1]总表!$B:$B,[1]总表!$E:$E) -> 中国电信-触点浦东
A289: 2024-10 | B289: 李峰黎 | C289: 11964.5 | D289: 6217710207185851 | E289: 6 | F289: 202410 | G289: =_xlfn.XLOOKUP(B289,[1]总表!$B:$B,[1]总表!$I:$I) -> 11964.5 | H289: =C289-G289 -> 0 | I289: =_xlfn.XLOOKUP(B289,[1]总表!$B:$B,[1]总表!$E:$E) -> 中国电信-触点浦东
A290: 2024-10 | B290: 陈志萍 | C290: 7710.47 | D290: 6217710207185885 | E290: 6 | F290: 202410 | G290: =_xlfn.XLOOKUP(B290,[1]总表!$B:$B,[1]总表!$I:$I) -> 7710.47 | H290: =C290-G290 -> 0 | I290: =_xlfn.XLOOKUP(B290,[1]总表!$B:$B,[1]总表!$E:$E) -> 中国电信-触点浦东
...
